{
  "coverage": "65.6%",
  "expectCount": 125,
  "actualCount": 82,
  "files": {
    "sdk/ESigEventHandlers.js": {
      "expectCount": 16,
      "actualCount": 12,
      "undocumentLines": [
        9,
        40,
        43,
        64
      ]
    },
    "sdk/IGoSpecificGlobalEventHandlers.js": {
      "expectCount": 32,
      "actualCount": 29,
      "undocumentLines": [
        449,
        453,
        457
      ]
    },
    "sdk/RuntimeCoreAPI.js": {
      "expectCount": 41,
      "actualCount": 36,
      "undocumentLines": [
        41,
        42,
        44,
        985,
        987
      ]
    },
    "sdk/SDKEventHandlerNames.js": {
      "expectCount": 29,
      "actualCount": 0,
      "undocumentLines": [
        4,
        5,
        6,
        7,
        8,
        9,
        10,
        11,
        12,
        13,
        14,
        15,
        16,
        17,
        18,
        19,
        20,
        21,
        22,
        23,
        24,
        31,
        32,
        25,
        26,
        27,
        28,
        29,
        30
      ]
    },
    "sdk/SharedGlobalEventHandlers.js": {
      "expectCount": 7,
      "actualCount": 5,
      "undocumentLines": [
        15,
        17
      ]
    }
  }
}