{"save":"{{origin}}/api/clients/saveClient/<%=clientId%>","load":"{{origin}}/api/clients/loadClient/<%=clientId%>","activate_form_package":"{{origin}}/api/actions/activateFormsPackage/<%=clientId%>","export_form_from_igo":"{{origin}}/api/actions/ViewFormsPreProcess/<%=clientId%>","call_server_procedure":"{{origin}}/api/actions/callServerProcedure/<%=clientId%>","call_service":"{{origin}}/api/actions/callCustomAssembly/<%=clientId%>","upload_file":"popAttachNewFileresp.aspx?AF=<%=defaultFileName%>&DF=<%=defaultFileName%>&DS=Attachment&U=1&IGOSessionId=<%=sessionId%>","show_attachment_list":"popAttachNewFileresp.aspx?AF=&DF=&DS=&U=0&IGOSessionId=<%=sessionId%>","send_email":"{{origin}}/api/clickWrap/sendEmail/<%=clientId%>","apply_esign":"{{origin}}/api/clickWrap/sign/<%=clientId%>","decline_esign":"{{origin}}/api/clickWrap/reject/<%=clientId%>","log_url":"{{origin}}/api/log/logMessage","verify_email":"{{origin}}/api/<%=verificationService%>/verifyEmail/<%=clientId%>","google_maps_places_api_url":"https://maps.googleapis.com/maps/api/js?client={{googleClientId}}&v=3.27&libraries=places","smarty_streets_us_autocomplete_api_url":"https://us-autocomplete.api.smartystreets.com/suggest?auth-id={{smartyStreetsClientId}}","smarty_streets_us_street_api_url":"https://us-street.api.smartystreets.com/street-address?auth-id={{smartyStreetsClientId}}","call_ftni":"{{origin}}/api/ftni/callFtni/<%=clientId%>","change_credit_card":"{{origin}}/api/ftni/changeCreditCard/<%=clientId%>","create_ais_case":"{{origin}}/api/ais/createAisCase/<%=clientId%>","open_ais_case":"{{origin}}/api/ais/openAisCase/<%=clientId%>","underwrite_ais_case":"{{origin}}/api/ais/underwriteAisCase/<%=clientId%>","view_form_in_pdf":"{{origin}}/api/actions/getPdfUrl/<%=clientId%>","retrieve_paramed_scheduler_url":"{{origin}}/api/paramed/getParamedPayload/<%=clientId%>","check_paramed_scheduler_status":"{{origin}}/api/paramed/getParamedStatus/<%=clientId%>","esigui_service_authtoken":"{{esigApiServiceAuthToken}}/<%=SignerGuid%>","esigui_accept_disclosure":"{{esigOrigin}}/api/signer","esigui_accept_consent":"{{esigOrigin}}/api/signer","esigui_decline_disclosure":"{{esigOrigin}}/api/signer","esigui_decline_consent":"{{esigOrigin}}/api/signer","esigui_get_vendor_url":"{{esigOrigin}}/api/signer","esigui_get_signing_status":"{{esigOrigin}}/api/poll/signer/<%=SignerGuid%>/status","esigui_flush_audittrail":"{{esigOrigin}}/api/audit","esigui_get_pdf_url":"{{esigOrigin}}/api/signer"}